mês;operador;id_loja_atual;ds_subcategoria;real;resultado_modelo;resultado_ajustado
2017-01;Operador A;Loja 1;Produto A;0,018824567;0,002153103;0,002153103
2017-01;Operador A;Loja 1;Produto B;0,017153335;0,018358206;0,018358206
2017-01;Operador A;Loja 1;Produto C;0,028016341;0;0
2017-01;Operador A;Loja 1;Produto D;0,004711945;0,002526848;0,002526848
2017-01;Operador A;Loja 1;Produto E;0,079476347;0,074358977;0,074358977
2017-01;Operador A;Loja 1;Produto F;0,098440184;0,000347426;0,000347426
2017-01;Operador A;Loja 1;Produto G;0,034840537;0,03332289;0,03332289
2017-01;Operador A;Loja 1;Produto H;0,022422357;0,014082679;0,014082679
2017-01;Operador A;Loja 1;Produto I;0,025857667;0,024171792;0,024171792
2017-02;Operador A;Loja 1;Produto I;0,046446312;0,003061812;0,003061812
2017-02;Operador A;Loja 1;Produto H;0,017571143;0,004044795;0,004044795
2017-02;Operador A;Loja 1;Produto G;0,029223342;0,023940927;0,023940927
2017-02;Operador A;Loja 1;Produto F;0,07142194;0,003932602;0,003932602
2017-02;Operador A;Loja 1;Produto B;0,007079523;0,008770357;0,008770357
2017-02;Operador A;Loja 1;Produto D;0,00659208;0,003148967;0,003148967
2017-02;Operador A;Loja 1;Produto C;0,034399517;0;0
2017-02;Operador A;Loja 1;Produto A;0,014716123;0,004753154;0,004753154
2017-02;Operador A;Loja 1;Produto E;0,054245393;0,053488667;0,053488667
2017-03;Operador A;Loja 1;Produto G;0,028341303;0,020831554;0,020831554
2017-03;Operador A;Loja 1;Produto I;0,056682605;0,001446503;0,001446503
2017-03;Operador A;Loja 1;Produto H;0,035281556;0,017371425;0,017371425
2017-03;Operador A;Loja 1;Produto F;0,055754143;0,004078304;0,004078304
2017-03;Operador A;Loja 1;Produto B;0,00403881;0,002712431;0,002712431
2017-03;Operador A;Loja 1;Produto D;0,01032914;0,001884458;0,001884458
2017-03;Operador A;Loja 1;Produto C;0,038275846;0;0
2017-03;Operador A;Loja 1;Produto A;0,031103477;0,010197821;0,010197821
2017-03;Operador A;Loja 1;Produto E;0,06842765;0,029803232;0,029803232
2017-04;Operador A;Loja 1;Produto I;0,053061603;0,011097372;0,011097372
2017-04;Operador A;Loja 1;Produto H;0,029571515;0,024726652;0,024726652
2017-04;Operador A;Loja 1;Produto G;0,028178822;0,018616763;0,018616763
2017-04;Operador A;Loja 1;Produto F;0,022561627;0,003777;0,003777
2017-04;Operador A;Loja 1;Produto E;0,052133141;0,023945429;0,023945429
2017-04;Operador A;Loja 1;Produto C;0,023281185;0;0
2017-04;Operador A;Loja 1;Produto B;0,000882039;0,001124842;0,001124842
2017-04;Operador A;Loja 1;Produto A;0,038809712;0,016923149;0,016923149
2017-04;Operador A;Loja 1;Produto D;0,011605775;0,001178286;0,001178286
2017-05;Operador A;Loja 1;Produto G;0,038159788;0,022372947;0,022372947
2017-05;Operador A;Loja 1;Produto I;0,058214568;0,014553964;0,014553964
2017-05;Operador A;Loja 1;Produto H;0,044844715;0,037063802;0,037063802
2017-05;Operador A;Loja 1;Produto F;0,017199759;0,005554092;0,005554092
2017-05;Operador A;Loja 1;Produto B;0,00030175;0,000819731;0,000819731
2017-05;Operador A;Loja 1;Produto D;0,012719929;0,003401961;0,003401961
2017-05;Operador A;Loja 1;Produto A;0,088018198;0,034115474;0,034115474
2017-05;Operador A;Loja 1;Produto E;0,055730932;0,025738847;0,025738847
2017-05;Operador A;Loja 1;Produto C;0,026646859;0;0
2017-06;Operador A;Loja 1;Produto A;0,079104963;0,039139202;0,039139202
2017-06;Operador A;Loja 1;Produto B;0,001508751;0,001788288;0,001788288
2017-06;Operador A;Loja 1;Produto C;0,046492735;0;0
2017-06;Operador A;Loja 1;Produto D;0,018406759;0,024180651;0,024180651
2017-06;Operador A;Loja 1;Produto F;0,02755211;0,01154105;0,01154105
2017-06;Operador A;Loja 1;Produto G;0,040341674;0,038856124;0,038856124
2017-06;Operador A;Loja 1;Produto H;0,044867926;0,08209773;0,08209773
2017-06;Operador A;Loja 1;Produto I;0,074393018;0,089682056;0,089682056
2017-06;Operador A;Loja 1;Produto E;0,081124367;0,061108266;0,061108266
2017-07;Operador A;Loja 1;Produto F;0,026043359;0,019813876;0,019813876
2017-07;Operador A;Loja 1;Produto H;0,05150643;0,101662745;0,101662745
2017-07;Operador A;Loja 1;Produto G;0,054477508;0,047146991;0,047146991
2017-07;Operador A;Loja 1;Produto I;0,095956548;0,144283984;0,144283984
2017-07;Operador A;Loja 1;Produto E;0,113945499;0,08181274;0,08181274
2017-07;Operador A;Loja 1;Produto C;0,030128592;0;0
2017-07;Operador A;Loja 1;Produto B;0,001601597;0,002985749;0,002985749
2017-07;Operador A;Loja 1;Produto A;0,035420825;0,044812194;0,044812194
2017-07;Operador A;Loja 1;Produto D;0,032380112;0,032142191;0,032142191
2017-08;Operador A;Loja 1;Produto I;0,039250731;0,038033616;0,038033616
2017-08;Operador A;Loja 1;Produto H;0,082586695;0,05569992;0,05569992
2017-08;Operador A;Loja 1;Produto G;0,04867462;0,028930914;0,028930914
2017-08;Operador A;Loja 1;Produto F;0,043893041;0,013221881;0,013221881
2017-08;Operador A;Loja 1;Produto E;0,156770809;0,048618264;0,048618264
2017-08;Operador A;Loja 1;Produto C;0,008054408;0;0
2017-08;Operador A;Loja 1;Produto B;0,011559352;0,007598876;0,007598876
2017-08;Operador A;Loja 1;Produto A;0,029385822;0,021327801;0,021327801
2017-08;Operador A;Loja 1;Produto D;0,009516736;0,009622387;0,009622387
2017-09;Operador A;Loja 1;Produto F;0,063019358;0,016475859;0,016475859
2017-09;Operador A;Loja 1;Produto I;0,029269765;0,009503524;0,009503524
2017-09;Operador A;Loja 1;Produto H;0,050902929;0,032795247;0,032795247
2017-09;Operador A;Loja 1;Produto E;0,159741888;0,058606257;0,058606257
2017-09;Operador A;Loja 1;Produto G;0,05765749;0,025055508;0,025055508
2017-09;Operador A;Loja 1;Produto C;0,005593984;0;0
2017-09;Operador A;Loja 1;Produto D;0,004874426;0,003481489;0,003481489
2017-09;Operador A;Loja 1;Produto B;0,016828374;0,011594184;0,011594184
2017-09;Operador A;Loja 1;Produto A;0,007288427;0,008063512;0,008063512
2017-10;Operador A;Loja 1;Produto I;0,021702799;0,036787715;0,036787715
2017-10;Operador A;Loja 1;Produto H;0,053316931;0,050005346;0,050005346
2017-10;Operador A;Loja 1;Produto G;0,066222552;0,042849846;0,042849846
2017-10;Operador A;Loja 1;Produto F;0,095376259;0,037938001;0,037938001
2017-10;Operador A;Loja 1;Produto E;0,195580521;0,108033789;0,108033789
2017-10;Operador A;Loja 1;Produto D;0,006754561;0,019650774;0,019650774
2017-10;Operador A;Loja 1;Produto C;0,003504944;0;0
2017-10;Operador A;Loja 1;Produto B;0,020565433;0,016154718;0,016154718
2017-10;Operador A;Loja 1;Produto A;0,004735156;0,010566221;0,010566221
2017-11;Operador A;Loja 1;Produto I;0,047212293;0,074488214;0,074488214
2017-11;Operador A;Loja 1;Produto H;0,045448215;0,050262227;0,050262227
2017-11;Operador A;Loja 1;Produto G;0,102757532;0,053301859;0,053301859
2017-11;Operador A;Loja 1;Produto F;0,13940857;0,061807945;0,061807945
2017-11;Operador A;Loja 1;Produto E;0,227403556;0,173926884;0,173926884
2017-11;Operador A;Loja 1;Produto D;0,008402581;0,022863628;0,022863628
2017-11;Operador A;Loja 1;Produto C;0,00898287;0;0
2017-11;Operador A;Loja 1;Produto B;0,021493895;0,023391933;0,023391933
2017-11;Operador A;Loja 1;Produto A;0,018221067;0,009260578;0,009260578
2017-12;Operador A;Loja 1;Produto I;0,02051901;0,096378915;0,096378915
2017-12;Operador A;Loja 1;Produto H;0,018778144;0,016095084;0,016095084
2017-12;Operador A;Loja 1;Produto G;0,047815793;0,029005246;0,029005246
2017-12;Operador A;Loja 1;Produto F;0,126410102;0,064227976;0,064227976
2017-12;Operador A;Loja 1;Produto E;0,148228959;0,092080035;0,092080035
2017-12;Operador A;Loja 1;Produto D;0,001880136;0,02333195;0,02333195
2017-12;Operador A;Loja 1;Produto C;0,003922752;0;0
2017-12;Operador A;Loja 1;Produto B;0,02546307;0,013258004;0,013258004
2017-12;Operador A;Loja 1;Produto A;0,001508751;0,004218567;0,004218567
2018-01;Operador A;Loja 1;Produto H;0,043823407;0,024146878;0,024146878
2018-01;Operador A;Loja 1;Produto G;0,087716448;0,052452868;0,052452868
2018-01;Operador A;Loja 1;Produto F;0,116313077;0,087751156;0,087751156
2018-01;Operador A;Loja 1;Produto E;0,161598812;0,125742669;0,125742669
2018-01;Operador A;Loja 1;Produto I;0,019195952;0,052235707;0,052235707
2018-01;Operador A;Loja 1;Produto C;0,004131656;0;0
2018-01;Operador A;Loja 1;Produto B;0,023025858;0,023032192;0,023032192
2018-01;Operador A;Loja 1;Produto A;0,011814679;0,007038362;0,007038362
2018-01;Operador A;Loja 1;Produto D;0,001485539;0,01055036;0,01055036
2018-02;Operador A;Loja 1;Produto I;0,022213453;0,016556975;0,016556975
2018-02;Operador A;Loja 1;Produto H;0,038531173;0,01356756;0,01356756
2018-02;Operador A;Loja 1;Produto G;0,081495752;0,037199071;0,037199071
2018-02;Operador A;Loja 1;Produto F;0,093240797;0,07519062;0,07519062
2018-02;Operador A;Loja 1;Produto E;0,106216053;0,090214807;0,090214807
2018-02;Operador A;Loja 1;Produto D;0,003272829;0,001963694;0,001963694
2018-02;Operador A;Loja 1;Produto C;0,003829906;0;0
2018-02;Operador A;Loja 1;Produto B;0,015714219;0,011007621;0,011007621
2018-02;Operador A;Loja 1;Produto A;0,033819228;0,013118584;0,013118584
2018-03;Operador A;Loja 1;Produto H;0,064528109;0,026716795;0,026716795
2018-03;Operador A;Loja 1;Produto G;0,067499188;0,033871596;0,033871596
2018-03;Operador A;Loja 1;Produto F;0,057611067;0,033665468;0,033665468
2018-03;Operador A;Loja 1;Produto E;0,114200826;0,049084135;0,049084135
2018-03;Operador A;Loja 1;Produto I;0,025532705;0,010274333;0,010274333
2018-03;Operador A;Loja 1;Produto C;0,003945964;0;0
2018-03;Operador A;Loja 1;Produto B;0,008356158;0,003091221;0,003091221
2018-03;Operador A;Loja 1;Produto A;0,066756418;0,025820379;0,025820379
2018-03;Operador A;Loja 1;Produto D;0,006638503;0,003895535;0,003895535
2018-04;Operador A;Loja 1;Produto H;0,084049023;0,041924156;0,041924156
2018-04;Operador A;Loja 1;Produto G;0,072118286;0,02662637;0,02662637
2018-04;Operador A;Loja 1;Produto F;0,065270879;0,024449351;0,024449351
2018-04;Operador A;Loja 1;Produto E;0,128452718;0,040228354;0,040228354
2018-04;Operador A;Loja 1;Produto I;0,022933011;0,018039132;0,018039132
2018-04;Operador A;Loja 1;Produto C;0,004317348;0;0
2018-04;Operador A;Loja 1;Produto B;0,01167541;0,001358604;0,001358604
2018-04;Operador A;Loja 1;Produto A;0,058028875;0,045033105;0,045033105
2018-04;Operador A;Loja 1;Produto D;0,007102734;0,006073225;0,006073225
2018-05;Operador A;Loja 1;Produto I;0,045401792;0,035065461;0,035065461
2018-05;Operador A;Loja 1;Produto H;0,097534933;0,054029978;0,054029978
2018-05;Operador A;Loja 1;Produto G;0,067359918;0,034387975;0,034387975
2018-05;Operador A;Loja 1;Produto F;0,040759482;0,026786775;0,026786775
2018-05;Operador A;Loja 1;Produto E;0,10243257;0,045691894;0,045691894
2018-05;Operador A;Loja 1;Produto C;0,005593984;0;0
2018-05;Operador A;Loja 1;Produto B;0,006568869;0,000994029;0,000994029
2018-05;Operador A;Loja 1;Produto A;0,102478994;0,079374075;0,079374075
2018-05;Operador A;Loja 1;Produto D;0,005849311;0,007737557;0,007737557
2018-06;Operador A;Loja 1;Produto G;0,097558145;0,053483871;0,053483871
2018-06;Operador A;Loja 1;Produto I;0,036302864;0,099268684;0,099268684
2018-06;Operador A;Loja 1;Produto H;0,117241539;0,08826018;0,08826018
2018-06;Operador A;Loja 1;Produto F;0,070702382;0,037522753;0,037522753
2018-06;Operador A;Loja 1;Produto B;0,005733253;0,002099489;0,002099489
2018-06;Operador A;Loja 1;Produto D;0,01123439;0,027738701;0,027738701
2018-06;Operador A;Loja 1;Produto C;0,003528156;0;0
2018-06;Operador A;Loja 1;Produto E;0,176709531;0,087889607;0,087889607
2018-06;Operador A;Loja 1;Produto A;0,155076366;0,085400833;0,085400833
2018-07;Operador A;Loja 1;Produto I;0,048628197;0,163084313;0,163084313
2018-07;Operador A;Loja 1;Produto H;0,155169212;0,114283844;0,114283844
2018-07;Operador A;Loja 1;Produto G;0,155447751;0,067203996;0,067203996
2018-07;Operador A;Loja 1;Produto F;0,070911285;0,062728532;0,062728532
2018-07;Operador A;Loja 1;Produto E;0,237663061;0,124816856;0,124816856
2018-07;Operador A;Loja 1;Produto D;0,021958126;0,039790894;0,039790894
2018-07;Operador A;Loja 1;Produto C;0,005663618;0,001329271;0,001329271
2018-07;Operador A;Loja 1;Produto B;0,006267119;0,003492838;0,003492838
2018-07;Operador A;Loja 1;Produto A;0,118425328;0,093458929;0,093458929
2018-08;Operador A;Loja 1;Produto I;0,060419665;0,057109482;0,057109482
2018-08;Operador A;Loja 1;Produto H;0,076017826;0,069050615;0,069050615
2018-08;Operador A;Loja 1;Produto G;0,052017084;0,041094438;0,041094438
2018-08;Operador A;Loja 1;Produto F;0,034678056;0,037882364;0,037882364
2018-08;Operador A;Loja 1;Produto E;0,15528527;0,073604897;0,073604897
2018-08;Operador A;Loja 1;Produto D;0,019474491;0,017666571;0,017666571
2018-08;Operador A;Loja 1;Produto C;0,003412098;0,002606512;0,002606512
2018-08;Operador A;Loja 1;Produto B;0,016364143;0,00888491;0,00888491
2018-08;Operador A;Loja 1;Produto A;0,106889188;0,043529334;0,043529334
2018-09;Operador A;Loja 1;Produto I;0,074485864;0,019109793;0,019109793
2018-09;Operador A;Loja 1;Produto H;0,066408245;0,045164875;0,045164875
2018-09;Operador A;Loja 1;Produto G;0,053850796;0,035031185;0,035031185
2018-09;Operador A;Loja 1;Produto F;0,068079476;0,042818272;0,042818272
2018-09;Operador A;Loja 1;Produto E;0,157467156;0,086517987;0,086517987
2018-09;Operador A;Loja 1;Produto D;0,019520914;0,007320796;0,007320796
2018-09;Operador A;Loja 1;Produto C;0,006429599;0,002162739;0,002162739
2018-09;Operador A;Loja 1;Produto B;0,03549046;0,01358001;0,01358001
2018-09;Operador A;Loja 1;Produto A;0,030917785;0,015644781;0,015644781
2018-10;Operador A;Loja 1;Produto I;0,079685251;0,058032488;0,058032488
2018-10;Operador A;Loja 1;Produto H;0,069889977;0,062266825;0,062266825
2018-10;Operador A;Loja 1;Produto G;0,061348127;0,058870697;0,058870697
2018-10;Operador A;Loja 1;Produto F;0,087461121;0,091922306;0,091922306
2018-10;Operador A;Loja 1;Produto E;0,245090757;0,157903411;0,157903411
2018-10;Operador A;Loja 1;Produto D;0,036975999;0,026535548;0,026535548
2018-10;Operador A;Loja 1;Produto C;0,005083329;0,003643734;0,003643734
2018-10;Operador A;Loja 1;Produto B;0,028526995;0,018703627;0,018703627
2018-10;Operador A;Loja 1;Produto A;0,017269393;0,01933268;0,01933268
2018-11;Operador A;Loja 1;Produto I;0,074555499;0,096740161;0,096740161
2018-11;Operador A;Loja 1;Produto H;0,059630472;0,063124268;0,063124268
2018-11;Operador A;Loja 1;Produto G;0,060837473;0,073383772;0,073383772
2018-11;Operador A;Loja 1;Produto F;0,142565341;0,140868366;0,140868366
2018-11;Operador A;Loja 1;Produto E;0,304419479;0,251440973;0,251440973
2018-11;Operador A;Loja 1;Produto D;0,049835198;0,030813069;0,030813069
2018-11;Operador A;Loja 1;Produto C;0,006406388;0,008311354;0,008311354
2018-11;Operador A;Loja 1;Produto B;0,0452161;0,026876994;0,026876994
2018-11;Operador A;Loja 1;Produto A;0,029989323;0,016962013;0,016962013
2018-12;Operador A;Loja 1;Produto I;0,039691751;0,036883787;0,036883787
2018-12;Operador A;Loja 1;Produto H;0,021888492;0,017923675;0,017923675
2018-12;Operador A;Loja 1;Produto G;0,025834455;0,039858757;0,039858757
2018-12;Operador A;Loja 1;Produto F;0,192075577;0,141280041;0,141280041
2018-12;Operador A;Loja 1;Produto E;0,151919595;0,131824707;0,131824707
2018-12;Operador A;Loja 1;Produto D;0,00928462;0,008369469;0,008369469
2018-12;Operador A;Loja 1;Produto C;0,003087136;0,003399081;0,003399081
2018-12;Operador A;Loja 1;Produto B;0,020565433;0,015424939;0,015424939
2018-12;Operador A;Loja 1;Produto A;0,006615292;0,007919017;0,007919017
2019-01;Operador A;Loja 1;Produto I;0,080172694;0,069860829;0,069860829
2019-01;Operador A;Loja 1;Produto H;0,037625923;0,036960618;0,036960618
2019-01;Operador A;Loja 1;Produto G;0,073278864;0,070446529;0,070446529
2019-01;Operador A;Loja 1;Produto F;0,173924145;0,181969922;0,181969922
2019-01;Operador A;Loja 1;Produto E;0,233995636;0,178332384;0,178332384
2019-01;Operador A;Loja 1;Produto D;0,024395339;0,015866034;0,015866034
2019-01;Operador A;Loja 1;Produto C;0,005570772;0,014639749;0,014639749
2019-01;Operador A;Loja 1;Produto B;0,062230166;0,025997625;0,025997625
2019-01;Operador A;Loja 1;Produto A;0,014275103;0,011951213;0,011951213
2019-02;Operador A;Loja 1;Produto H;0,043916253;0,027141585;0,027141585
2019-02;Operador A;Loja 1;Produto G;0,050949352;0,050589897;0,050589897
2019-02;Operador A;Loja 1;Produto F;0,106030361;0,157198262;0,157198262
2019-02;Operador A;Loja 1;Produto E;0,118170001;0,128176333;0,128176333
2019-02;Operador A;Loja 1;Produto I;0,059700107;0,045072115;0,045072115
2019-02;Operador A;Loja 1;Produto C;0,012371756;0,007718377;0,007718377
2019-02;Operador A;Loja 1;Produto B;0,019753029;0,012164304;0,012164304
2019-02;Operador A;Loja 1;Produto A;0,047862216;0,024027372;0,024027372
2019-02;Operador A;Loja 1;Produto D;0,024789935;0,013086983;0,013086983
2019-03;Operador A;Loja 1;Produto I;0,065247667;0,035845391;0,035845391
2019-03;Operador A;Loja 1;Produto H;0,050717237;0,040260472;0,040260472
2019-03;Operador A;Loja 1;Produto G;0,042616406;0,042660959;0,042660959
2019-03;Operador A;Loja 1;Produto F;0,05271343;0,064760614;0,064760614
2019-03;Operador A;Loja 1;Produto E;0,097418876;0,068935738;0,068935738
2019-03;Operador A;Loja 1;Produto D;0,031080266;0,017024442;0,017024442
2019-03;Operador A;Loja 1;Produto C;0,013369853;0,006606142;0,006606142
2019-03;Operador A;Loja 1;Produto B;0,009539947;0,003951055;0,003951055
2019-03;Operador A;Loja 1;Produto A;0,057611067;0,044337952;0,044337952
2019-04;Operador A;Loja 1;Produto I;0,082331368;0,068496263;0,068496263
2019-04;Operador A;Loja 1;Produto H;0,06213732;0,055201111;0,055201111
2019-04;Operador A;Loja 1;Produto G;0,053804373;0,038012431;0,038012431
2019-04;Operador A;Loja 1;Produto F;0,041850425;0,045822343;0,045822343
2019-04;Operador A;Loja 1;Produto E;0,100134627;0,056452936;0,056452936
2019-04;Operador A;Loja 1;Produto D;0,025486282;0,020610679;0,020610679
2019-04;Operador A;Loja 1;Produto C;0,016781951;0,012238944;0,012238944
2019-04;Operador A;Loja 1;Produto B;0,004201291;0,001231525;0,001231525
2019-04;Operador A;Loja 1;Produto A;0,057912817;0,07436031;0,07436031
2019-05;Operador A;Loja 1;Produto I;0,095028086;0,073213299;0,073213299
2019-05;Operador A;Loja 1;Produto H;0,074996518;0,059285969;0,059285969
2019-05;Operador A;Loja 1;Produto G;0,062531916;0,04235426;0,04235426
2019-05;Operador A;Loja 1;Produto F;0,047955062;0,042222328;0,042222328
2019-05;Operador A;Loja 1;Produto E;0,101295204;0,053529784;0,053529784
2019-05;Operador A;Loja 1;Produto D;0,02859663;0,019792038;0,019792038
2019-05;Operador A;Loja 1;Produto C;0,019822664;0,012082325;0,012082325
2019-05;Operador A;Loja 1;Produto B;0,005222599;0,001032023;0,001032023
2019-05;Operador A;Loja 1;Produto A;0,094563855;0,123994622;0,123994622
2019-06;Operador A;Loja 1;Produto H;0,120537579;0,105980869;0,105980869
2019-06;Operador A;Loja 1;Produto G;0,109697786;0,075916597;0,075916597
2019-06;Operador A;Loja 1;Produto F;0,061858781;0,072908261;0,072908261
2019-06;Operador A;Loja 1;Produto E;0,214846107;0,126743741;0,126743741
2019-06;Operador A;Loja 1;Produto I;0,117984309;0,17396241;0,17396241
2019-06;Operador A;Loja 1;Produto C;0,035768999;0,020782359;0,020782359
2019-06;Operador A;Loja 1;Produto B;0,003922752;0,002305274;0,002305274
2019-06;Operador A;Loja 1;Produto A;0,114804327;0,134706583;0,134706583
2019-06;Operador A;Loja 1;Produto D;0,074184114;0,044428307;0,044428307
2019-07;Operador A;Loja 1;Produto I;0,128522353;0,239551948;0,239551948
2019-07;Operador A;Loja 1;Produto H;0,08820389;0,126763813;0,126763813
2019-07;Operador A;Loja 1;Produto G;0,097070702;0,09190392;0,09190392
2019-07;Operador A;Loja 1;Produto F;0,084582888;0,110218269;0,110218269
2019-07;Operador A;Loja 1;Produto E;0,208555777;0,168831928;0,168831928
2019-07;Operador A;Loja 1;Produto D;0,082563484;0,055876981;0,055876981
2019-07;Operador A;Loja 1;Produto C;0,03713848;0,029842891;0,029842891
2019-07;Operador A;Loja 1;Produto B;0,004062021;0,003650871;0,003650871
2019-07;Operador A;Loja 1;Produto A;0,150062671;0,143940541;0,143940541
2019-08;Operador A;Loja 1;Produto H;0,079453136;0,082257357;0,082257357
2019-08;Operador A;Loja 1;Produto G;0,076203519;0,057147639;0,057147639
2019-08;Operador A;Loja 1;Produto F;0,083515157;0,06574886;0,06574886
2019-08;Operador A;Loja 1;Produto E;0,206884546;0,099456902;0,099456902
2019-08;Operador A;Loja 1;Produto I;0,098045587;0,144630959;0,144630959
2019-08;Operador A;Loja 1;Produto C;0,014808969;0,023163367;0,023163367
2019-08;Operador A;Loja 1;Produto B;0,010746948;0,00926023;0,00926023
2019-08;Operador A;Loja 1;Produto A;0,04776937;0,067258601;0,067258601
2019-08;Operador A;Loja 1;Produto D;0,044403695;0,034442038;0,034442038
2019-09;Operador A;Loja 1;Produto H;0,071468363;0,057493468;0,057493468
2019-09;Operador A;Loja 1;Produto G;0,060605357;0,04902529;0,04902529
2019-09;Operador A;Loja 1;Produto F;0,116313077;0,073009686;0,073009686
2019-09;Operador A;Loja 1;Produto E;0,266607864;0,116116339;0,116116339
2019-09;Operador A;Loja 1;Produto I;0,089666218;0,103823412;0,103823412
2019-09;Operador A;Loja 1;Produto C;0,007427696;0,012810941;0,012810941
2019-09;Operador A;Loja 1;Produto B;0,016573047;0,014085909;0,014085909
2019-09;Operador A;Loja 1;Produto A;0,0235133;0,02351924;0,02351924
2019-09;Operador A;Loja 1;Produto D;0,026136205;0,023532652;0,023532652
2019-10;Operador A;Loja 1;Produto I;0,112297479;0,151076897;0,151076897
2019-10;Operador A;Loja 1;Produto H;0,122835523;0,074229815;0,074229815
2019-10;Operador A;Loja 1;Produto G;0,094146047;0,082514495;0,082514495
2019-10;Operador A;Loja 1;Produto F;0,177707627;0,151497916;0,151497916
2019-10;Operador A;Loja 1;Produto E;0,440276682;0,208444936;0,208444936
2019-10;Operador A;Loja 1;Produto C;0,012952045;0,015358845;0,015358845
2019-10;Operador A;Loja 1;Produto B;0,019660183;0,01899318;0,01899318
2019-10;Operador A;Loja 1;Produto A;0,019474491;0,028407424;0,028407424
2019-10;Operador A;Loja 1;Produto D;0,055429182;0,042724995;0,042724995
2019-11;Operador A;Loja 1;Produto G;0,136576761;0,105283489;0,105283489
2019-11;Operador A;Loja 1;Produto I;0,222389861;0,209689866;0,209689866
2019-11;Operador A;Loja 1;Produto H;0,190288287;0,075995054;0,075995054
2019-11;Operador A;Loja 1;Produto F;0,274917599;0,230487143;0,230487143
2019-11;Operador A;Loja 1;Produto E;0,654008635;0,333100109;0,333100109
2019-11;Operador A;Loja 1;Produto D;0,08295808;0,047554642;0,047554642
2019-11;Operador A;Loja 1;Produto C;0,017315816;0,030371951;0,030371951
2019-11;Operador A;Loja 1;Produto B;0,063530013;0,026878192;0,026878192
2019-11;Operador A;Loja 1;Produto A;0,033076459;0,025243334;0,025243334
2019-12;Operador A;Loja 1;Produto I;0,087809294;0,118029066;0,118029066
2019-12;Operador A;Loja 1;Produto H;0,048163966;0,030091274;0,030091274
2019-12;Operador A;Loja 1;Produto G;0,04537858;0,057493891;0,057493891
2019-12;Operador A;Loja 1;Produto F;0,234993733;0,229136792;0,229136792
2019-12;Operador A;Loja 1;Produto E;0,301680516;0,172645494;0,172645494
2019-12;Operador A;Loja 1;Produto D;0,022840165;0,020650226;0,020650226
2019-12;Operador A;Loja 1;Produto C;0,007729446;0,011015253;0,011015253
2019-12;Operador A;Loja 1;Produto B;0,019056683;0,015436993;0,015436993
2019-12;Operador A;Loja 1;Produto A;0,016248085;0,012243979;0,012243979
2020-01;Operador A;Loja 1;Produto I;0,161946985;0,197056682;0,197056682
2020-01;Operador A;Loja 1;Produto H;0,05375795;0,049721307;0,049721307
2020-01;Operador A;Loja 1;Produto G;0,083097349;0,102212147;0,102212147
2020-01;Operador A;Loja 1;Produto F;0,25008124;0,290127065;0,290127065
2020-01;Operador A;Loja 1;Produto E;0,365187317;0,234419729;0,234419729
2020-01;Operador A;Loja 1;Produto D;0,029873265;0,033312559;0,033312559
2020-01;Operador A;Loja 1;Produto C;0,014901815;0,041549295;0,041549295
2020-01;Operador A;Loja 1;Produto B;0,029292976;0,02518609;0,02518609
2020-01;Operador A;Loja 1;Produto A;0,030499977;0,017055714;0,017055714
2020-02;Operador A;Loja 1;Produto I;0,13297897;0,178166123;0,178166123
2020-02;Operador A;Loja 1;Produto H;0,034701267;0,038021866;0,038021866
2020-02;Operador A;Loja 1;Produto G;0,054082912;0,076021323;0,076021323
2020-02;Operador A;Loja 1;Produto F;0,201870851;0,249612451;0,249612451
2020-02;Operador A;Loja 1;Produto E;0,23719883;0,171358926;0,171358926
2020-02;Operador A;Loja 1;Produto D;0,02590409;0,028987223;0,028987223
2020-02;Operador A;Loja 1;Produto C;0,016201662;0,020534647;0,020534647
2020-02;Operador A;Loja 1;Produto B;0,009470312;0,012382769;0,012382769
2020-02;Operador A;Loja 1;Produto A;0,051854603;0,033076445;0,033076445
2020-03;Operador A;Loja 1;Produto I;0,148530709;0,190602688;0,190602688
2020-03;Operador A;Loja 1;Produto H;0,062856878;0,055216166;0,055216166
2020-03;Operador A;Loja 1;Produto G;0,070748805;0,090336705;0,090336705
2020-03;Operador A;Loja 1;Produto F;0,097395664;0,149017896;0,149017896
2020-03;Operador A;Loja 1;Produto E;0,158952695;0,089052725;0,089052725
2020-03;Operador A;Loja 1;Produto D;0,022027761;0,03749087;0,03749087
2020-03;Operador A;Loja 1;Produto C;0,020542222;0,02316249;0,02316249
2020-03;Operador A;Loja 1;Produto B;0,003087136;0,007933638;0,007933638
2020-03;Operador A;Loja 1;Produto A;0,132050508;0,123680804;0,123680804
2020-04;Operador A;Loja 1;Produto I;0,403509586;0,21942589;0,21942589
2020-04;Operador A;Loja 1;Produto H;0,146395246;0,067082107;0,067082107
2020-04;Operador A;Loja 1;Produto G;0,17594355;0,113337223;0,113337223
2020-04;Operador A;Loja 1;Produto F;0,161830927;0,154932322;0,154932322
2020-04;Operador A;Loja 1;Produto E;0,423726846;0,074375523;0,074375523
2020-04;Operador A;Loja 1;Produto D;0,050299429;0,042018966;0,042018966
2020-04;Operador A;Loja 1;Produto C;0,045633907;0,038844629;0,038844629
2020-04;Operador A;Loja 1;Produto B;0,007079523;0,010267168;0,010267168
2020-04;Operador A;Loja 1;Produto A;0,369133281;0,209610006;0,209610006
2020-05;Operador A;Loja 1;Produto I;0,335290841;0,229569093;0,229569093
2020-05;Operador A;Loja 1;Produto H;0,129427603;0,068525;0,068525
2020-05;Operador A;Loja 1;Produto G;0,173668818;0,115393922;0,115393922
2020-05;Operador A;Loja 1;Produto F;0,242119679;0,150716801;0,150716801
2020-05;Operador A;Loja 1;Produto E;0,355299197;0,066896499;0,066896499
2020-05;Operador A;Loja 1;Produto D;0,041548675;0,041112879;0,041112879
2020-05;Operador A;Loja 1;Produto C;0,042871733;0,039471522;0,039471522
2020-05;Operador A;Loja 1;Produto B;0,009122139;0,009859237;0,009859237
2020-05;Operador A;Loja 1;Produto A;0,396174737;0,287491352;0,287491352
2020-06;Operador A;Loja 1;Produto I;0,775312195;0,338922343;0,338922343
2020-06;Operador A;Loja 1;Produto H;0,211782183;0,119797896;0,119797896
2020-06;Operador A;Loja 1;Produto G;0,263172555;0,170320528;0,170320528
2020-06;Operador A;Loja 1;Produto F;0,291374588;0,202199701;0,202199701
2020-06;Operador A;Loja 1;Produto E;0,586184485;0,167531615;0,167531615
2020-06;Operador A;Loja 1;Produto D;0,067940207;0,067307554;0,067307554
2020-06;Operador A;Loja 1;Produto C;0,070934497;0,057998958;0,057998958
2020-06;Operador A;Loja 1;Produto B;0,01856924;0,010600154;0,010600154
2020-06;Operador A;Loja 1;Produto A;0,43904647;0,301313364;0,301313364
2020-07;Operador A;Loja 1;Produto H;0,316837658;0,138776056;0,138776056
2020-07;Operador A;Loja 1;Produto G;0,253354069;0,195226866;0,195226866
2020-07;Operador A;Loja 1;Produto F;0,345225384;0,259656385;0,259656385
2020-07;Operador A;Loja 1;Produto E;0,657745694;0,21700303;0,21700303
2020-07;Operador A;Loja 1;Produto I;0,994406016;0,411939802;0,411939802
2020-07;Operador A;Loja 1;Produto C;0,073719883;0,074319049;0,074319049
2020-07;Operador A;Loja 1;Produto B;0,025184532;0,012044532;0,012044532
2020-07;Operador A;Loja 1;Produto A;0,494545286;0,319055524;0,319055524
2020-07;Operador A;Loja 1;Produto D;0,123462235;0,078562555;0,078562555
2020-08;Operador A;Loja 1;Produto I;0,560396453;0,311553212;0,311553212
2020-08;Operador A;Loja 1;Produto H;0,219627687;0,093284992;0,093284992
2020-08;Operador A;Loja 1;Produto G;0,209669932;0,144701121;0,144701121
2020-08;Operador A;Loja 1;Produto F;0,254166473;0,195032268;0,195032268
2020-08;Operador A;Loja 1;Produto E;0,534051344;0,126710133;0,126710133
2020-08;Operador A;Loja 1;Produto D;0,108978228;0,056389377;0,056389377
2020-08;Operador A;Loja 1;Produto C;0,14555963;0,059907863;0,059907863
2020-08;Operador A;Loja 1;Produto B;0,035165498;0,016786209;0,016786209
2020-08;Operador A;Loja 1;Produto A;0,244208718;0,212944301;0,212944301
2020-09;Operador A;Loja 1;Produto I;0,374634418;0,251723855;0,251723855
2020-09;Operador A;Loja 1;Produto H;0,167587391;0,069041768;0,069041768
2020-09;Operador A;Loja 1;Produto G;0,178311128;0,132063204;0,132063204
2020-09;Operador A;Loja 1;Produto F;0,366904972;0,205922379;0,205922379
2020-09;Operador A;Loja 1;Produto E;0,668655123;0,151663966;0,151663966
2020-09;Operador A;Loja 1;Produto D;0,070145304;0,044378633;0,044378633
2020-09;Operador A;Loja 1;Produto C;0,057309317;0,039041697;0,039041697
2020-09;Operador A;Loja 1;Produto B;0,029107284;0,020314189;0,020314189
2020-09;Operador A;Loja 1;Produto A;0,208091546;0,154131753;0,154131753
2020-10;Operador A;Loja 1;Produto I;0,564899494;0,289300479;0,289300479
2020-10;Operador A;Loja 1;Produto H;0,165126967;0,087538494;0,087538494
2020-10;Operador A;Loja 1;Produto G;0,223387958;0,129197111;0,129197111
2020-10;Operador A;Loja 1;Produto F;0,518615663;0,23636739;0,23636739
2020-10;Operador A;Loja 1;Produto E;0,721786361;0,270736716;0,270736716
2020-10;Operador A;Loja 1;Produto D;0,134046702;0,060062636;0,060062636
2020-10;Operador A;Loja 1;Produto C;0,065526206;0,031266886;0,031266886
2020-10;Operador A;Loja 1;Produto B;0,041548675;0,017283074;0,017283074
2020-10;Operador A;Loja 1;Produto A;0,158720579;0,056835075;0,056835075
2020-11;Operador A;Loja 1;Produto H;0,078408616;0,086483652;0,086483652
2020-11;Operador A;Loja 1;Produto G;0,209739566;0,149707869;0,149707869
2020-11;Operador A;Loja 1;Produto F;0,54612135;0,335951527;0,335951527
2020-11;Operador A;Loja 1;Produto E;0,756789378;0,439158399;0,439158399
2020-11;Operador A;Loja 1;Produto I;0,517385451;0,314051223;0,314051223
2020-11;Operador A;Loja 1;Produto C;0,040829117;0,052753243;0,052753243
2020-11;Operador A;Loja 1;Produto B;0,020843972;0,02304354;0,02304354
2020-11;Operador A;Loja 1;Produto A;0,09059468;0,03198049;0,03198049
2020-11;Operador A;Loja 1;Produto D;0,070307785;0,060775923;0,060775923
2020-12;Operador A;Loja 1;Produto I;0,173877722;0,199077159;0,199077159
2020-12;Operador A;Loja 1;Produto H;0,037161692;0,040178482;0,040178482
2020-12;Operador A;Loja 1;Produto G;0,153010538;0,078249232;0,078249232
2020-12;Operador A;Loja 1;Produto F;0,616475558;0,318446389;0,318446389
2020-12;Operador A;Loja 1;Produto E;0,461329558;0,21629808;0,21629808
2020-12;Operador A;Loja 1;Produto D;0,032031939;0,032313776;0,032313776
2020-12;Operador A;Loja 1;Produto C;0,022004549;0,017803685;0,017803685
2020-12;Operador A;Loja 1;Produto B;0,010421986;0,012543736;0,012543736
2020-12;Operador A;Loja 1;Produto A;0,044357272;0,016389698;0,016389698
2021-01;Operador A;Loja 1;Produto H;0,101109512;0,062530381;0,062530381
2021-01;Operador A;Loja 1;Produto G;0,317998236;0,142194343;0,142194343
2021-01;Operador A;Loja 1;Produto F;0,867833434;0,421046336;0,421046336
2021-01;Operador A;Loja 1;Produto E;0,820551506;0,313844324;0,313844324
2021-01;Operador A;Loja 1;Produto I;0,433638178;0,267928917;0,267928917
2021-01;Operador A;Loja 1;Produto C;0,185483497;0,071172193;0,071172193
2021-01;Operador A;Loja 1;Produto B;0,025393436;0,020650192;0,020650192
2021-01;Operador A;Loja 1;Produto A;0,031033842;0,023078085;0,023078085
2021-01;Operador A;Loja 1;Produto D;0,06903115;0,045490947;0,045490947
2021-02;Operador A;Loja 1;Produto H;0,076203519;0,046395697;0,046395697
2021-02;Operador A;Loja 1;Produto G;0,208880739;0,094795171;0,094795171
2021-02;Operador A;Loja 1;Produto F;0,390743234;0,336019476;0,336019476
2021-02;Operador A;Loja 1;Produto E;0,390418272;0,218280965;0,218280965
2021-02;Operador A;Loja 1;Produto I;0,27628708;0,207924439;0,207924439
2021-02;Operador A;Loja 1;Produto C;0,0452161;0,031635102;0,031635102
2021-02;Operador A;Loja 1;Produto B;0,020867184;0,009410882;0,009410882
2021-02;Operador A;Loja 1;Produto A;0,069797131;0,041006239;0,041006239
2021-02;Operador A;Loja 1;Produto D;0,035351191;0,035660345;0,035660345
2021-03;Operador A;Loja 1;Produto I;0,27178404;0,203328502;0,203328502
2021-03;Operador A;Loja 1;Produto H;0,120235829;0,065121596;0,065121596
2021-03;Operador A;Loja 1;Produto G;0,17355276;0,081125168;0,081125168
2021-03;Operador A;Loja 1;Produto F;0,244789007;0,143143057;0,143143057
2021-03;Operador A;Loja 1;Produto E;0,431920524;0,11680548;0,11680548
2021-03;Operador A;Loja 1;Produto C;0,045053619;0,025311771;0,025311771
2021-03;Operador A;Loja 1;Produto B;0,005454714;0,002469094;0,002469094
2021-03;Operador A;Loja 1;Produto A;0,170395989;0,083525908;0,083525908
2021-03;Operador A;Loja 1;Produto D;0,06274082;0,040824421;0,040824421
2021-04;Operador A;Loja 1;Produto F;0,257276821;0,104975254;0,104975254
2021-04;Operador A;Loja 1;Produto I;0,236873868;0,218855226;0,218855226
2021-04;Operador A;Loja 1;Produto H;0,108792535;0,08108596;0,08108596
2021-04;Operador A;Loja 1;Produto E;0,313913003;0,103308554;0,103308554
2021-04;Operador A;Loja 1;Produto G;0,105542918;0,072466835;0,072466835
2021-04;Operador A;Loja 1;Produto C;0,085093543;0,042487566;0,042487566
2021-04;Operador A;Loja 1;Produto D;0,064922706;0,042163784;0,042163784
2021-04;Operador A;Loja 1;Produto B;0,000858827;0,001187758;0,001187758
2021-04;Operador A;Loja 1;Produto A;0,173738452;0,134168908;0,134168908
2021-05;Operador A;Loja 1;Produto I;0,18583167;0,198827166;0,198827166
2021-05;Operador A;Loja 1;Produto H;0,073255652;0,080097638;0,080097638
2021-05;Operador A;Loja 1;Produto G;0,099531127;0,067904641;0,067904641
2021-05;Operador A;Loja 1;Produto F;0,154008635;0,084124607;0,084124607
2021-05;Operador A;Loja 1;Produto E;0,241492967;0,091462319;0,091462319
2021-05;Operador A;Loja 1;Produto D;0,044009099;0,037727976;0,037727976
2021-05;Operador A;Loja 1;Produto C;0,054825681;0,039970203;0,039970203
2021-05;Operador A;Loja 1;Produto B;0,000951674;0,000671292;0,000671292
2021-05;Operador A;Loja 1;Produto A;0,245113969;0,220067498;0,220067498
2021-06;Operador A;Loja 1;Produto I;0,310686598;0,281175712;0,281175712
2021-06;Operador A;Loja 1;Produto H;0,162782601;0,12814498;0,12814498
2021-06;Operador A;Loja 1;Produto G;0,148112901;0,121229973;0,121229973
2021-06;Operador A;Loja 1;Produto F;0,200988812;0,147967931;0,147967931
2021-06;Operador A;Loja 1;Produto E;0,547722947;0,220269902;0,220269902
2021-06;Operador A;Loja 1;Produto D;0,121837426;0,060574362;0,060574362
2021-06;Operador A;Loja 1;Produto C;0,127176083;0,066284862;0,066284862
2021-06;Operador A;Loja 1;Produto B;6,96347E-05;0,001553865;0,001553865
2021-06;Operador A;Loja 1;Produto A;0,335708649;0,238473192;0,238473192
2021-07;Operador A;Loja 1;Produto I;0,524047166;0,332739102;0,332739102
2021-07;Operador A;Loja 1;Produto H;0,18747969;0,150209355;0,150209355
2021-07;Operador A;Loja 1;Produto G;0,202126178;0,141406392;0,141406392
2021-07;Operador A;Loja 1;Produto F;0,444663665;0,222588335;0,222588335
2021-07;Operador A;Loja 1;Produto E;0,694257463;0,296071946;0,296071946
2021-07;Operador A;Loja 1;Produto D;0,134348452;0,070418352;0,070418352
2021-07;Operador A;Loja 1;Produto C;0,166844622;0,089145235;0,089145235
2021-07;Operador A;Loja 1;Produto B;0,000185692;0,002497926;0,002497926
2021-07;Operador A;Loja 1;Produto A;0,402465067;0,252804478;0,252804478
2021-08;Operador A;Loja 1;Produto H;0,114456153;0,104378124;0,104378124
2021-08;Operador A;Loja 1;Produto G;0,12699039;0,082678369;0,082678369
2021-08;Operador A;Loja 1;Produto F;0,263265401;0,129466402;0,129466402
2021-08;Operador A;Loja 1;Produto E;0,400631354;0,172723281;0,172723281
2021-08;Operador A;Loja 1;Produto I;0,289030221;0,211612267;0,211612267
2021-08;Operador A;Loja 1;Produto C;0,067174226;0,065510863;0,065510863
2021-08;Operador A;Loja 1;Produto B;0,00030175;0,006108981;0,006108981
2021-08;Operador A;Loja 1;Produto A;0,161923773;0,112947933;0,112947933
2021-08;Operador A;Loja 1;Produto D;0,055034585;0,045345433;0,045345433
2021-09;Operador A;Loja 1;Produto I;0,138921127;0,145969865;0,145969865
2021-09;Operador A;Loja 1;Produto H;0,080219117;0,079593642;0,079593642
2021-09;Operador A;Loja 1;Produto G;0,120978599;0,06729056;0,06729056
2021-09;Operador A;Loja 1;Produto F;0,284898566;0,142895838;0,142895838
2021-09;Operador A;Loja 1;Produto E;0,371640128;0,205453277;0,205453277
2021-09;Operador A;Loja 1;Produto D;0,02950188;0,031119589;0,031119589
2021-09;Operador A;Loja 1;Produto C;0,036117172;0,034100527;0,034100527
2021-09;Operador A;Loja 1;Produto B;0,002878232;0,008919266;0,008919266
2021-09;Operador A;Loja 1;Produto A;0,040179193;0,039835967;0,039835967
2021-10;Operador A;Loja 1;Produto H;0,098254491;0,098699369;0,098699369
2021-10;Operador A;Loja 1;Produto G;0,141474398;0,109458456;0,109458456
2021-10;Operador A;Loja 1;Produto F;0,301309131;0,294764248;0,294764248
2021-10;Operador A;Loja 1;Produto E;0,522074184;0,368322773;0,368322773
2021-10;Operador A;Loja 1;Produto I;0,164012813;0,177124372;0,177124372
2021-10;Operador A;Loja 1;Produto C;0,055243489;0,041766153;0,041766153
2021-10;Operador A;Loja 1;Produto B;0,010654101;0,011822073;0,011822073
2021-10;Operador A;Loja 1;Produto A;0,030987419;0,050562123;0,050562123
2021-10;Operador A;Loja 1;Produto D;0,033262151;0,048752099;0,048752099
2021-11;Operador A;Loja 1;Produto H;0,140986955;0,096185731;0,096185731
2021-11;Operador A;Loja 1;Produto G;0,227983845;0,127556342;0,127556342
2021-11;Operador A;Loja 1;Produto F;0,635741145;0,434706913;0,434706913
2021-11;Operador A;Loja 1;Produto E;1;0,590378525;0,590378525
2021-11;Operador A;Loja 1;Produto I;0,383315538;0,199922538;0,199922538
2021-11;Operador A;Loja 1;Produto C;0,15154821;0,074503156;0,074503156
2021-11;Operador A;Loja 1;Produto B;0,018221067;0,016250098;0,016250098
2021-11;Operador A;Loja 1;Produto A;0,037068845;0,039669572;0,039669572
2021-11;Operador A;Loja 1;Produto D;0,081495752;0,047570891;0,047570891
2021-12;Operador A;Loja 1;Produto I;0,085697043;0,079683006;0,079683006
2021-12;Operador A;Loja 1;Produto H;0,048117543;0,051294999;0,051294999
2021-12;Operador A;Loja 1;Produto G;0,061858781;0,066033579;0,066033579
2021-12;Operador A;Loja 1;Produto F;0,430527831;0,415622586;0,415622586
2021-12;Operador A;Loja 1;Produto E;0,44085697;0,296075571;0,296075571
2021-12;Operador A;Loja 1;Produto C;0,030616035;0,025134952;0,025134952
2021-12;Operador A;Loja 1;Produto B;0,005477926;0,009087677;0,009087677
2021-12;Operador A;Loja 1;Produto A;0,010584467;0,021649133;0,021649133
2021-12;Operador A;Loja 1;Produto D;0,016340931;0,017285463;0,017285463
2022-01;Operador A;Loja 1;Produto I;0,261106727;0,150773485;0,150773485
2022-01;Operador A;Loja 1;Produto H;0,100552435;0,073523975;0,073523975
2022-01;Operador A;Loja 1;Produto G;0,094749547;0,114009761;0,114009761
2022-01;Operador A;Loja 1;Produto F;0,660438234;0,542684066;0,542684066
2022-01;Operador A;Loja 1;Produto C;0,105101899;0,099271289;0,099271289
2022-01;Operador A;Loja 1;Produto D;0,044659022;0,02911958;0,02911958
2022-01;Operador A;Loja 1;Produto B;0,032635439;0,014368538;0,014368538
2022-01;Operador A;Loja 1;Produto A;0,044101945;0,028507455;0,028507455
2022-01;Operador A;Loja 1;Produto E;0,81776612;0,425285599;0,425285599
2022-02;Operador A;Loja 1;Produto I;0,144840072;0,10252407;0,10252407
2022-02;Operador A;Loja 1;Produto H;0,039993501;0,058043446;0,058043446
2022-02;Operador A;Loja 1;Produto G;0,069170419;0,077051166;0,077051166
2022-02;Operador A;Loja 1;Produto F;0,765424075;0,445655779;0,445655779
2022-02;Operador A;Loja 1;Produto E;0,584861427;0,295954967;0,295954967
2022-02;Operador A;Loja 1;Produto D;0,028341303;0,020377833;0,020377833
2022-02;Operador A;Loja 1;Produto C;0,066222552;0,045311123;0,045311123
2022-02;Operador A;Loja 1;Produto B;0,017501509;0,006428095;0,006428095
2022-02;Operador A;Loja 1;Produto A;0,063321109;0,054959639;0,054959639
2022-03;Operador A;Loja 1;Produto I;0,089341256;0,083772556;0,083772556
2022-03;Operador A;Loja 1;Produto H;0,040898751;0,075440786;0,075440786
2022-03;Operador A;Loja 1;Produto G;0,056380855;0,061854575;0,061854575
2022-03;Operador A;Loja 1;Produto F;0,295158071;0,17879142;0,17879142
2022-03;Operador A;Loja 1;Produto E;0,302516132;0,156586999;0,156586999
2022-03;Operador A;Loja 1;Produto D;0,024720301;0,022138308;0,022138308
2022-03;Operador A;Loja 1;Produto C;0,052225988;0,035469596;0,035469596
2022-03;Operador A;Loja 1;Produto B;0,010886217;0,001924796;0,001924796
2022-03;Operador A;Loja 1;Produto A;0,126735063;0,102729003;0,102729003
2022-04;Operador A;Loja 1;Produto I;0,073859152;0,098860214;0,098860214
2022-04;Operador A;Loja 1;Produto H;0,082749176;0,091390966;0,091390966
2022-04;Operador A;Loja 1;Produto G;0,067893784;0,060370179;0,060370179
2022-04;Operador A;Loja 1;Produto F;0,155331693;0,133386488;0,133386488
2022-04;Operador A;Loja 1;Produto E;0,229956827;0,139957062;0,139957062
2022-04;Operador A;Loja 1;Produto D;0,030499977;0,023231377;0,023231377
2022-04;Operador A;Loja 1;Produto C;0,067615245;0,056107368;0,056107368
2022-04;Operador A;Loja 1;Produto B;0,004804791;0,000829224;0,000829224
2022-04;Operador A;Loja 1;Produto A;0,217074416;0,160288544;0,160288544
2022-05;Operador A;Loja 1;Produto H;0,092196277;0,088029906;0,088029906
2022-05;Operador A;Loja 1;Produto I;0,072884267;0,073446237;0,073446237
2022-05;Operador A;Loja 1;Produto F;0,106192842;0,09907335;0,09907335
2022-05;Operador A;Loja 1;Produto E;0,192029154;0,112519406;0,112519406
2022-05;Operador A;Loja 1;Produto G;0,06004828;0,050242124;0,050242124
2022-05;Operador A;Loja 1;Produto C;0,08699689;0,053744721;0,053744721
2022-05;Operador A;Loja 1;Produto B;0,001764078;0,000414474;0,000414474
2022-05;Operador A;Loja 1;Produto A;0,442528202;0,266656577;0,266656577
2022-05;Operador A;Loja 1;Produto D;0,027087879;0,016195365;0,016195365
2022-06;Operador A;Loja 1;Produto I;0,210343067;0,162599739;0,162599739
2022-06;Operador A;Loja 1;Produto H;0,249315259;0,139165173;0,139165173
2022-06;Operador A;Loja 1;Produto G;0,129497238;0,093169897;0,093169897
2022-06;Operador A;Loja 1;Produto F;0,285339585;0,188520815;0,188520815
2022-06;Operador A;Loja 1;Produto E;0,559491203;0,291142315;0,291142315
2022-06;Operador A;Loja 1;Produto D;0,059909011;0,039683466;0,039683466
2022-06;Operador A;Loja 1;Produto C;0,100807762;0,087967265;0,087967265
2022-06;Operador A;Loja 1;Produto B;0,00269254;0,001019234;0,001019234
2022-06;Operador A;Loja 1;Produto A;0,379532055;0,291128004;0,291128004
2022-07;Operador A;Loja 1;Produto H;0,263010074;0,161383032;0,161383032
2022-07;Operador A;Loja 1;Produto I;0,262777958;0,210883254;0,210883254
2022-07;Operador A;Loja 1;Produto F;0,316443062;0,28093654;0,28093654
2022-07;Operador A;Loja 1;Produto E;0,766584653;0,388598337;0,388598337
2022-07;Operador A;Loja 1;Produto G;0,15858131;0,107977411;0,107977411
2022-07;Operador A;Loja 1;Produto C;0,147230862;0,11879503;0,11879503
2022-07;Operador A;Loja 1;Produto B;0,000394596;0,001592019;0,001592019
2022-07;Operador A;Loja 1;Produto A;0,386518732;0,308407154;0,308407154
2022-07;Operador A;Loja 1;Produto D;0,053525834;0,048097261;0,048097261
2022-08;Operador A;Loja 1;Produto I;0,09628151;0,087329084;0,087329084
2022-08;Operador A;Loja 1;Produto H;0,128452718;0,115012412;0,115012412
2022-08;Operador A;Loja 1;Produto F;0,186295901;0,160538798;0,160538798
2022-08;Operador A;Loja 1;Produto E;0,333225013;0,223882942;0,223882942
2022-08;Operador A;Loja 1;Produto G;0,077944385;0,061906467;0,061906467
2022-08;Operador A;Loja 1;Produto C;0,11380623;0,086368614;0,086368614
2022-08;Operador A;Loja 1;Produto B;0,000858827;0,00386414;0,00386414
2022-08;Operador A;Loja 1;Produto A;0,224246785;0,137108743;0,137108743
2022-08;Operador A;Loja 1;Produto D;0,015621373;0,022294275;0,022294275
2022-09;Operador A;Loja 1;Produto A;0;0,009009646;0,009009646
2022-09;Operador A;Loja 1;Produto B;0;0,001062353;0,001062353
2022-09;Operador A;Loja 1;Produto C;0;0,003090535;0,003090535
2022-09;Operador A;Loja 1;Produto D;0;0,000269626;0,000269626
2022-09;Operador A;Loja 1;Produto E;0;0,064693391;0,064693391
2022-09;Operador A;Loja 1;Produto F;0;0,041740491;0,041740491
2022-09;Operador A;Loja 1;Produto G;0;0,01012041;0,01012041
2022-09;Operador A;Loja 1;Produto H;0;0,014165644;0,014165644
2022-09;Operador A;Loja 1;Produto I;0;0;0
2022-10;Operador A;Loja 1;Produto A;0;0,065898726;0,065898726
2022-10;Operador A;Loja 1;Produto B;0;0,007800335;0,007800335
2022-10;Operador A;Loja 1;Produto C;0;0,063703371;0,063703371
2022-10;Operador A;Loja 1;Produto D;0;0,026215585;0,026215585
2022-10;Operador A;Loja 1;Produto E;0;0,544423282;0,544423282
2022-10;Operador A;Loja 1;Produto F;0;0,404065024;0,404065024
2022-10;Operador A;Loja 1;Produto G;0;0,088885784;0,088885784
2022-10;Operador A;Loja 1;Produto H;0;0,103175915;0,103175915
2022-10;Operador A;Loja 1;Produto I;0;0,054336409;0,054336409
2022-11;Operador A;Loja 1;Produto A;0;0,047955174;0,047955174
2022-11;Operador A;Loja 1;Produto B;0;0,010382295;0,010382295
2022-11;Operador A;Loja 1;Produto C;0;0,097425759;0,097425759
2022-11;Operador A;Loja 1;Produto D;0;0,027476496;0,027476496
2022-11;Operador A;Loja 1;Produto E;0;0,763823688;0,763823688
2022-11;Operador A;Loja 1;Produto F;0;0,578497635;0,578497635
2022-11;Operador A;Loja 1;Produto G;0;0,095371413;0,095371413
2022-11;Operador A;Loja 1;Produto H;0;0,069649755;0,069649755
2022-11;Operador A;Loja 1;Produto I;0;0,093072351;0,093072351
2022-12;Operador A;Loja 1;Produto A;0;0,013374209;0,013374209
2022-12;Operador A;Loja 1;Produto B;0;0,003793465;0,003793465
2022-12;Operador A;Loja 1;Produto C;0;0,024008076;0,024008076
2022-12;Operador A;Loja 1;Produto D;0;0,000815039;0,000815039
2022-12;Operador A;Loja 1;Produto E;0;0,303342314;0,303342314
2022-12;Operador A;Loja 1;Produto F;0;0,43916858;0,43916858
2022-12;Operador A;Loja 1;Produto G;0;0,037566311;0,037566311
2022-12;Operador A;Loja 1;Produto H;0;0,023557298;0,023557298
2022-12;Operador A;Loja 1;Produto I;0;0,003391562;0,003391562
2023-01;Operador A;Loja 1;Produto A;0;0,043737972;0,043737972
2023-01;Operador A;Loja 1;Produto B;0;0,008985155;0,008985155
2023-01;Operador A;Loja 1;Produto C;0;0,140840706;0,140840706
2023-01;Operador A;Loja 1;Produto D;0;0,006987494;0,006987494
2023-01;Operador A;Loja 1;Produto E;0;0,61311959;0,61311959
2023-01;Operador A;Loja 1;Produto F;0;0,775987849;0,775987849
2023-01;Operador A;Loja 1;Produto G;0;0,094809996;0,094809996
2023-01;Operador A;Loja 1;Produto H;0;0,045443098;0,045443098
2023-01;Operador A;Loja 1;Produto I;0;0,035228775;0,035228775
2023-02;Operador A;Loja 1;Produto A;0;0,075009674;0,075009674
2023-02;Operador A;Loja 1;Produto B;0;0,002898369;0,002898369
2023-02;Operador A;Loja 1;Produto C;0;0,051344613;0,051344613
2023-02;Operador A;Loja 1;Produto D;0;7,63287E-07;7,63287E-07
2023-02;Operador A;Loja 1;Produto E;0;0,325231589;0,325231589
2023-02;Operador A;Loja 1;Produto F;0;0,477253571;0,477253571
2023-02;Operador A;Loja 1;Produto G;0;0,047907965;0,047907965
2023-02;Operador A;Loja 1;Produto H;0;0,036303973;0,036303973
2023-02;Operador A;Loja 1;Produto I;0;0,000501727;0,000501727
2023-03;Operador A;Loja 1;Produto A;0;0,115716206;0,115716206
2023-03;Operador A;Loja 1;Produto B;0;0,000678658;0,000678658
2023-03;Operador A;Loja 1;Produto C;0;0,042772604;0,042772604
2023-03;Operador A;Loja 1;Produto D;0;0,000716457;0,000716457
2023-03;Operador A;Loja 1;Produto E;0;0,180692243;0,180692243
2023-03;Operador A;Loja 1;Produto F;0;0,197906758;0,197906758
2023-03;Operador A;Loja 1;Produto G;0;0,040607688;0,040607688
2023-03;Operador A;Loja 1;Produto H;0;0,04996456;0,04996456
2023-03;Operador A;Loja 1;Produto I;0;0;0
2023-04;Operador A;Loja 1;Produto A;0;0,190326704;0,190326704
2023-04;Operador A;Loja 1;Produto B;0;0,000273724;0,000273724
2023-04;Operador A;Loja 1;Produto C;0;0,073003067;0,073003067
2023-04;Operador A;Loja 1;Produto D;0;0,001278922;0,001278922
2023-04;Operador A;Loja 1;Produto E;0;0,14174412;0,14174412
2023-04;Operador A;Loja 1;Produto F;0;0,131886409;0,131886409
2023-04;Operador A;Loja 1;Produto G;0;0,032060016;0,032060016
2023-04;Operador A;Loja 1;Produto H;0;0,065404872;0,065404872
2023-04;Operador A;Loja 1;Produto I;0;0;0
2023-05;Operador A;Loja 1;Produto A;0;0,357724472;0,357724472
2023-05;Operador A;Loja 1;Produto B;0;0,000199735;0,000199735
2023-05;Operador A;Loja 1;Produto C;0;0,074515207;0,074515207
2023-05;Operador A;Loja 1;Produto D;0;0;0
2023-05;Operador A;Loja 1;Produto E;0;0,142216552;0,142216552
2023-05;Operador A;Loja 1;Produto F;0;0,119919545;0,119919545
2023-05;Operador A;Loja 1;Produto G;0;0,036113031;0,036113031
2023-05;Operador A;Loja 1;Produto H;0;0,099123434;0,099123434
2023-05;Operador A;Loja 1;Produto I;0;0;0
2023-06;Operador A;Loja 1;Produto A;0;0,315461321;0,315461321
2023-06;Operador A;Loja 1;Produto B;0;0,000489675;0,000489675
2023-06;Operador A;Loja 1;Produto C;0;0,110130136;0,110130136
2023-06;Operador A;Loja 1;Produto D;0;0,017865976;0,017865976
2023-06;Operador A;Loja 1;Produto E;0;0,344876515;0,344876515
2023-06;Operador A;Loja 1;Produto F;0;0,206776596;0,206776596
2023-06;Operador A;Loja 1;Produto G;0;0,061180051;0,061180051
2023-06;Operador A;Loja 1;Produto H;0;0,112351116;0,112351116
2023-06;Operador A;Loja 1;Produto I;0;0,038933403;0,038933403
2023-07;Operador A;Loja 1;Produto A;0;0,393381089;0,393381089
2023-07;Operador A;Loja 1;Produto B;0;0,000920168;0,000920168
2023-07;Operador A;Loja 1;Produto C;0;0,161586988;0,161586988
2023-07;Operador A;Loja 1;Produto D;0;0,025022987;0,025022987
2023-07;Operador A;Loja 1;Produto E;0;0,511762991;0,511762991
2023-07;Operador A;Loja 1;Produto F;0;0,357985649;0,357985649
2023-07;Operador A;Loja 1;Produto G;0;0,077374065;0,077374065
2023-07;Operador A;Loja 1;Produto H;0;0,136293219;0,136293219
2023-07;Operador A;Loja 1;Produto I;0;0,084714169;0,084714169
2023-08;Operador A;Loja 1;Produto A;0;0,120347801;0,120347801
2023-08;Operador A;Loja 1;Produto B;0;0,001560076;0,001560076
2023-08;Operador A;Loja 1;Produto C;0;0,092499022;0,092499022
2023-08;Operador A;Loja 1;Produto D;0;0,000864943;0,000864943
2023-08;Operador A;Loja 1;Produto E;0;0,233918868;0,233918868
2023-08;Operador A;Loja 1;Produto F;0;0,170706256;0,170706256
2023-08;Operador A;Loja 1;Produto G;0;0,035562466;0,035562466
2023-08;Operador A;Loja 1;Produto H;0;0,079474315;0,079474315
2023-08;Operador A;Loja 1;Produto I;0;0;0
2023-09;Operador A;Loja 1;Produto A;0;0,048836435;0,048836435
2023-09;Operador A;Loja 1;Produto B;0;0,00207818;0,00207818
2023-09;Operador A;Loja 1;Produto C;0;0,049901223;0,049901223
2023-09;Operador A;Loja 1;Produto D;0;0;0
2023-09;Operador A;Loja 1;Produto E;0;0,305882478;0,305882478
2023-09;Operador A;Loja 1;Produto F;0;0,203495111;0,203495111
2023-09;Operador A;Loja 1;Produto G;0;0,031548444;0,031548444
2023-09;Operador A;Loja 1;Produto H;0;0,06705232;0,06705232
2023-09;Operador A;Loja 1;Produto I;0;0;0
2023-10;Operador A;Loja 1;Produto A;0;0,073623534;0,073623534
2023-10;Operador A;Loja 1;Produto B;0;0,002697456;0,002697456
2023-10;Operador A;Loja 1;Produto C;0;0,07968452;0,07968452
2023-10;Operador A;Loja 1;Produto D;0;0,004669993;0,004669993
2023-10;Operador A;Loja 1;Produto E;0;0,6779767;0,6779767
2023-10;Operador A;Loja 1;Produto F;0;0,493211215;0,493211215
2023-10;Operador A;Loja 1;Produto G;0;0,059037802;0,059037802
2023-10;Operador A;Loja 1;Produto H;0;0,103175915;0,103175915
2023-10;Operador A;Loja 1;Produto I;0;0;0
2023-11;Operador A;Loja 1;Produto A;0;0,05865942;0,05865942
2023-11;Operador A;Loja 1;Produto B;0;0,003456276;0,003456276
2023-11;Operador A;Loja 1;Produto C;0;0,13249736;0,13249736
2023-11;Operador A;Loja 1;Produto D;0;0,014398307;0,014398307
2023-11;Operador A;Loja 1;Produto E;0;1;1
2023-11;Operador A;Loja 1;Produto F;0;0,721626989;0,721626989
2023-11;Operador A;Loja 1;Produto G;0;0,063701295;0,063701295
2023-11;Operador A;Loja 1;Produto H;0;0,069649755;0,069649755
2023-11;Operador A;Loja 1;Produto I;0;0,022384641;0,022384641
2023-12;Operador A;Loja 1;Produto A;0;0,015204139;0,015204139
2023-12;Operador A;Loja 1;Produto B;0;0,001205677;0,001205677
2023-12;Operador A;Loja 1;Produto C;0;0,028166828;0,028166828
2023-12;Operador A;Loja 1;Produto D;0;0;0
2023-12;Operador A;Loja 1;Produto E;0;0,39844798;0,39844798
2023-12;Operador A;Loja 1;Produto F;0;0,552412727;0,552412727
2023-12;Operador A;Loja 1;Produto G;0;0,025280414;0,025280414
2023-12;Operador A;Loja 1;Produto H;0;0,023557298;0,023557298
2023-12;Operador A;Loja 1;Produto I;0;0;0
2024-01;Operador A;Loja 1;Produto A;0;0,0488418;0,0488418
2024-01;Operador A;Loja 1;Produto B;0;0,002143256;0,002143256
2024-01;Operador A;Loja 1;Produto C;0;0,170447011;0,170447011
2024-01;Operador A;Loja 1;Produto D;0;0;0
2024-01;Operador A;Loja 1;Produto E;0;0,737647396;0,737647396
2024-01;Operador A;Loja 1;Produto F;0;0,90032716;0,90032716
2024-01;Operador A;Loja 1;Produto G;0;0,057317253;0,057317253
2024-01;Operador A;Loja 1;Produto H;0;0,045443098;0,045443098
2024-01;Operador A;Loja 1;Produto I;0;0;0
2024-02;Operador A;Loja 1;Produto A;0;0,083971314;0,083971314
2024-02;Operador A;Loja 1;Produto B;0;0,00057795;0,00057795
2024-02;Operador A;Loja 1;Produto C;0;0,064137016;0,064137016
2024-02;Operador A;Loja 1;Produto D;0;0;0
2024-02;Operador A;Loja 1;Produto E;0;0,408040074;0,408040074
2024-02;Operador A;Loja 1;Produto F;0;0,585937915;0,585937915
2024-02;Operador A;Loja 1;Produto G;0;0,029913025;0,029913025
2024-02;Operador A;Loja 1;Produto H;0;0,036303973;0,036303973
2024-02;Operador A;Loja 1;Produto I;0;0;0
2024-03;Operador A;Loja 1;Produto A;0;0,133746945;0,133746945
2024-03;Operador A;Loja 1;Produto B;0;9,9858E-05;9,9858E-05
2024-03;Operador A;Loja 1;Produto C;0;0,051406874;0,051406874
2024-03;Operador A;Loja 1;Produto D;0;0;0
2024-03;Operador A;Loja 1;Produto E;0;0,216422348;0,216422348
2024-03;Operador A;Loja 1;Produto F;0;0,235163145;0,235163145
2024-03;Operador A;Loja 1;Produto G;0;0,024028359;0,024028359
2024-03;Operador A;Loja 1;Produto H;0;0,04996456;0,04996456
2024-03;Operador A;Loja 1;Produto I;0;0;0
